team,pake,pase,wins,loss,w_percent,r64,r32,s16,e8,f4,f2,champ,top2,f4_percent,champ_percent,from,to
Butler,4.2,4.3,5,1,0.833,1,1,1,1,1,1,0,0,2,0,2011,2011
Connecticut,3.9,4.2,6,0,1,1,1,1,1,1,1,1,0,17,4,2011,2011
VCU,3.2,3.4,4,1,0.8,1,1,1,1,1,0,0,0,2,0,2011,2011
Kentucky,2.1,2.5,4,1,0.8,1,1,1,1,1,0,0,0,14,4,2011,2011
Arizona,1.7,1.9,3,1,0.75,1,1,1,1,0,0,0,0,5,0,2011,2011
Richmond,1.2,1.5,2,1,0.667,1,1,1,0,0,0,0,0,2,0,2011,2011
North Carolina,1.2,0.6,3,1,0.75,1,1,1,1,0,0,0,1,10,2,2011,2011
Marquette,1.1,1.4,2,1,0.667,1,1,1,0,0,0,0,0,2,0,2011,2011
Florida,1,0.6,3,1,0.75,1,1,1,1,0,0,0,1,14,2,2011,2011
Florida St.,1,1.4,2,1,0.667,1,1,1,0,0,0,0,0,3,0,2011,2011
Morehead St.,0.8,0.8,1,1,0.5,1,1,0,0,0,0,0,0,0,0,2011,2011
Wisconsin,0.4,0.5,2,1,0.667,1,1,1,0,0,0,0,0,15,4,2011,2011
Kansas,0.3,-0.3,3,1,0.75,1,1,1,1,0,0,0,1,29,9,2011,2011
Kansas St.,0.3,-0.1,1,1,0.5,1,1,0,0,0,0,0,0,2,0,2011,2011
UCLA,0.3,0.1,1,1,0.5,1,1,0,0,0,0,0,0,1,0,2011,2011
Temple,0.2,0.1,1,1,0.5,1,1,0,0,0,0,0,0,2,0,2011,2011
West Virginia,0.2,-0.1,1,1,0.5,1,1,0,0,0,0,0,0,3,0,2011,2011
George Mason,0.2,0.3,1,1,0.5,1,1,0,0,0,0,0,0,2,0,2011,2011
Gonzaga,0.2,0.4,1,1,0.5,1,1,0,0,0,0,0,0,3,0,2011,2011
BYU,0.1,0.2,2,1,0.667,1,1,1,0,0,0,0,0,15,3,2011,2011
Illinois,0.1,0.4,1,1,0.5,1,1,0,0,0,0,0,0,4,0,2011,2011
Michigan,0,0.3,1,1,0.5,1,1,0,0,0,0,0,0,3,0,2011,2011
UTSA,0,-0,0,1,0,1,0,0,0,0,0,0,0,0,0,2011,2011
Boston University,-0.1,-0,0,1,0,1,0,0,0,0,0,0,0,0,0,2011,2011
Northern Colorado,-0.1,-0.1,0,1,0,1,0,0,0,0,0,0,0,0,0,2011,2011
Hampton,-0.1,-0,0,1,0,1,0,0,0,0,0,0,0,0,0,2011,2011
UNC Asheville,-0.1,-0,0,1,0,1,0,0,0,0,0,0,0,0,0,2011,2011
Cincinnati,-0.1,-0.1,1,1,0.5,1,1,0,0,0,0,0,0,4,0,2011,2011
Princeton,-0.2,-0.3,0,1,0,1,0,0,0,0,0,0,0,0,0,2011,2011
Indiana St.,-0.2,-0.2,0,1,0,1,0,0,0,0,0,0,0,0,0,2011,2011
UC Santa Barbara,-0.2,-0.1,0,1,0,1,0,0,0,0,0,0,0,0,0,2011,2011
Saint Peter's,-0.2,-0.2,0,1,0,1,0,0,0,0,0,0,0,0,0,2011,2011
LIU Brooklyn,-0.2,-0.1,0,1,0,1,0,0,0,0,0,0,0,0,0,2011,2011
Bucknell,-0.2,-0.2,0,1,0,1,0,0,0,0,0,0,0,0,0,2011,2011
Akron,-0.2,-0.1,0,1,0,1,0,0,0,0,0,0,0,0,0,2011,2011
Memphis,-0.3,-0.5,0,1,0,1,0,0,0,0,0,0,0,0,0,2011,2011
Wofford,-0.3,-0.2,0,1,0,1,0,0,0,0,0,0,0,0,0,2011,2011
San Diego St.,-0.3,-0.4,2,1,0.667,1,1,1,0,0,0,0,1,20,5,2011,2011
Washington,-0.3,0.1,1,1,0.5,1,1,0,0,0,0,0,0,5,1,2011,2011
Oakland,-0.3,-0.3,0,1,0,1,0,0,0,0,0,0,0,0,0,2011,2011
Tennessee,-0.4,-0.6,0,1,0,1,0,0,0,0,0,0,0,0,0,2011,2011
Georgia,-0.5,-0.6,0,1,0,1,0,0,0,0,0,0,0,0,0,2011,2011
Missouri,-0.5,-0.6,0,1,0,1,0,0,0,0,0,0,0,0,0,2011,2011
Villanova,-0.6,-0.6,0,1,0,1,0,0,0,0,0,0,0,1,0,2011,2011
UNLV,-0.6,-0.7,0,1,0,1,0,0,0,0,0,0,0,2,0,2011,2011
Duke,-0.6,-1.3,2,1,0.667,1,1,1,0,0,0,0,1,26,7,2011,2011
Texas A&M,-0.6,-0.9,0,1,0,1,0,0,0,0,0,0,0,1,0,2011,2011
Belmont,-0.6,-0.3,0,1,0,1,0,0,0,0,0,0,0,2,0,2011,2011
Penn St.,-0.7,-0.6,0,1,0,1,0,0,0,0,0,0,0,1,0,2011,2011
Old Dominion,-0.7,-0.6,0,1,0,1,0,0,0,0,0,0,0,2,0,2011,2011
St. John's,-0.8,-1.1,0,1,0,1,0,0,0,0,0,0,0,2,0,2011,2011
Georgetown,-0.8,-1.1,0,1,0,1,0,0,0,0,0,0,0,2,0,2011,2011
Vanderbilt,-0.8,-1.1,0,1,0,1,0,0,0,0,0,0,0,2,0,2011,2011
Syracuse,-0.8,-0.8,1,1,0.5,1,1,0,0,0,0,0,0,9,1,2011,2011
Xavier,-0.8,-1.1,0,1,0,1,0,0,0,0,0,0,0,1,0,2011,2011
Clemson,-0.8,-0.5,0,1,0,1,0,0,0,0,0,0,0,2,0,2011,2011
Michigan St.,-0.9,-0.6,0,1,0,1,0,0,0,0,0,0,0,2,0,2011,2011
Utah St.,-1,-0.5,0,1,0,1,0,0,0,0,0,0,0,4,0,2011,2011
Texas,-1,-0.5,1,1,0.5,1,1,0,0,0,0,0,0,17,4,2011,2011
Notre Dame,-1.1,-1.4,1,1,0.5,1,1,0,0,0,0,0,1,16,3,2011,2011
Purdue,-1.2,-0.8,1,1,0.5,1,1,0,0,0,0,0,0,17,4,2011,2011
Ohio St.,-1.4,-1.3,2,1,0.667,1,1,1,0,0,0,0,1,45,23,2011,2011
Pittsburgh,-1.6,-2.3,1,1,0.5,1,1,0,0,0,0,0,1,28,8,2011,2011
Louisville,-1.9,-1.5,0,1,0,1,0,0,0,0,0,0,0,13,2,2011,2011
Louisville,2.4,2.5,4,1,0.8,1,1,1,1,1,0,0,0,10,1,2012,2012
Kansas,2.3,2.6,5,1,0.833,1,1,1,1,1,1,0,1,33,9,2012,2012
Kentucky,2.3,2.7,6,0,1,1,1,1,1,1,1,1,1,54,27,2012,2012
Florida,1.6,2.1,3,1,0.75,1,1,1,1,0,0,0,0,9,1,2012,2012
Ohio,1.4,1.8,2,1,0.667,1,1,1,0,0,0,0,0,1,0,2012,2012
Xavier,1.2,1.4,2,1,0.667,1,1,1,0,0,0,0,0,1,0,2012,2012
North Carolina St.,1.1,1.4,2,1,0.667,1,1,1,0,0,0,0,0,2,0,2012,2012
Baylor,1.1,1.2,3,1,0.75,1,1,1,1,0,0,0,0,12,2,2012,2012
Ohio St.,1,1.6,4,1,0.8,1,1,1,1,1,0,0,1,38,14,2012,2012
Cincinnati,1,0.9,2,1,0.667,1,1,1,0,0,0,0,0,3,0,2012,2012
Norfolk St.,0.9,0.9,1,1,0.5,1,1,0,0,0,0,0,0,0,0,2012,2012
Syracuse,0.6,-0.3,3,1,0.75,1,1,1,1,0,0,0,1,22,6,2012,2012
North Carolina,0.6,-0.3,3,1,0.75,1,1,1,1,0,0,0,1,25,5,2012,2012
Indiana,0.5,0.5,2,1,0.667,1,1,1,0,0,0,0,0,8,2,2012,2012
VCU,0.5,0.5,1,1,0.5,1,1,0,0,0,0,0,0,0,0,2012,2012
Colorado,0.5,0.4,1,1,0.5,1,1,0,0,0,0,0,0,0,0,2012,2012
Lehigh,0.5,0.9,1,1,0.5,1,1,0,0,0,0,0,0,0,0,2012,2012
Marquette,0.4,0.2,2,1,0.667,1,1,1,0,0,0,0,0,9,1,2012,2012
Creighton,0.3,0.3,1,1,0.5,1,1,0,0,0,0,0,0,2,0,2012,2012
Iowa St.,0.2,0.3,1,1,0.5,1,1,0,0,0,0,0,0,2,0,2012,2012
Saint Louis,0.2,0.4,1,1,0.5,1,1,0,0,0,0,0,0,4,0,2012,2012
South Florida,0.1,0.5,1,1,0.5,1,1,0,0,0,0,0,0,3,0,2012,2012
Wisconsin,0.1,0.5,2,1,0.667,1,1,1,0,0,0,0,0,13,3,2012,2012
Purdue,0.1,0.4,1,1,0.5,1,1,0,0,0,0,0,0,3,0,2012,2012
Western Kentucky,0,-0,0,1,0,1,0,0,0,0,0,0,0,0,0,2012,2012
Gonzaga,0,0.1,1,1,0.5,1,1,0,0,0,0,0,0,4,0,2012,2012
Loyola MD,-0.1,-0.1,0,1,0,1,0,0,0,0,0,0,0,0,0,2012,2012
Detroit,-0.1,-0.1,0,1,0,1,0,0,0,0,0,0,0,0,0,2012,2012
New Mexico,-0.1,-0.1,1,1,0.5,1,1,0,0,0,0,0,0,4,0,2012,2012
UNC Asheville,-0.1,-0,0,1,0,1,0,0,0,0,0,0,0,0,0,2012,2012
LIU Brooklyn,-0.1,-0,0,1,0,1,0,0,0,0,0,0,0,0,0,2012,2012
Kansas St.,-0.1,0.3,1,1,0.5,1,1,0,0,0,0,0,0,3,0,2012,2012
Florida St.,-0.1,-0.8,1,1,0.5,1,1,0,0,0,0,0,0,3,0,2012,2012
Vermont,-0.2,-0,0,1,0,1,0,0,0,0,0,0,0,0,0,2012,2012
Murray St.,-0.2,-0.1,1,1,0.5,1,1,0,0,0,0,0,0,3,0,2012,2012
Montana,-0.2,-0.3,0,1,0,1,0,0,0,0,0,0,0,0,0,2012,2012
Vanderbilt,-0.3,-0.1,1,1,0.5,1,1,0,0,0,0,0,0,6,1,2012,2012
Davidson,-0.3,-0.3,0,1,0,1,0,0,0,0,0,0,0,0,0,2012,2012
New Mexico St.,-0.3,-0.3,0,1,0,1,0,0,0,0,0,0,0,0,0,2012,2012
Southern Miss,-0.4,-0.6,0,1,0,1,0,0,0,0,0,0,0,0,0,2012,2012
BYU,-0.4,-0.2,0,1,0,1,0,0,0,0,0,0,0,0,0,2012,2012
South Dakota St.,-0.4,-0.2,0,1,0,1,0,0,0,0,0,0,0,1,0,2012,2012
Colorado St.,-0.4,-0.6,0,1,0,1,0,0,0,0,0,0,0,0,0,2012,2012
Georgetown,-0.5,-0.8,1,1,0.5,1,1,0,0,0,0,0,0,11,1,2012,2012
Connecticut,-0.5,-0.6,0,1,0,1,0,0,0,0,0,0,0,0,0,2012,2012
Harvard,-0.5,-0.5,0,1,0,1,0,0,0,0,0,0,0,0,0,2012,2012
West Virginia,-0.5,-0.6,0,1,0,1,0,0,0,0,0,0,0,0,0,2012,2012
Virginia,-0.5,-0.6,0,1,0,1,0,0,0,0,0,0,0,1,0,2012,2012
St. Bonaventure,-0.6,-0.2,0,1,0,1,0,0,0,0,0,0,0,0,0,2012,2012
Long Beach St.,-0.6,-0.5,0,1,0,1,0,0,0,0,0,0,0,1,0,2012,2012
San Diego St.,-0.6,-1.1,0,1,0,1,0,0,0,0,0,0,0,0,0,2012,2012
Michigan St.,-0.6,-1.3,2,1,0.667,1,1,1,0,0,0,0,1,30,9,2012,2012
Saint Mary's,-0.6,-0.9,0,1,0,1,0,0,0,0,0,0,0,1,0,2012,2012
Belmont,-0.6,-0.2,0,1,0,1,0,0,0,0,0,0,0,2,0,2012,2012
Temple,-0.8,-1.1,0,1,0,1,0,0,0,0,0,0,0,2,0,2012,2012
Texas,-0.8,-0.6,0,1,0,1,0,0,0,0,0,0,0,2,0,2012,2012
Memphis,-0.9,-0.7,0,1,0,1,0,0,0,0,0,0,0,5,0,2012,2012
Alabama,-0.9,-0.6,0,1,0,1,0,0,0,0,0,0,0,3,0,2012,2012
Notre Dame,-0.9,-0.9,0,1,0,1,0,0,0,0,0,0,0,2,0,2012,2012
UNLV,-1,-1.1,0,1,0,1,0,0,0,0,0,0,0,2,0,2012,2012
Michigan,-1.2,-1.5,0,1,0,1,0,0,0,0,0,0,0,5,0,2012,2012
Wichita St.,-1.3,-1.1,0,1,0,1,0,0,0,0,0,0,0,6,1,2012,2012
Duke,-1.4,-2.4,0,1,0,1,0,0,0,0,0,0,1,5,0,2012,2012
Missouri,-2.1,-2.4,0,1,0,1,0,0,0,0,0,0,1,17,3,2012,2012
Wichita St.,3.3,3.4,4,1,0.8,1,1,1,1,1,0,0,0,4,0,2013,2013
Michigan,2.6,3.5,5,1,0.833,1,1,1,1,1,1,0,0,23,6,2013,2013
Louisville,2.3,2.7,6,0,1,1,1,1,1,1,1,1,1,51,28,2013,2013
Florida Gulf Coast,1.8,1.9,2,1,0.667,1,1,1,0,0,0,0,0,0,0,2013,2013
Syracuse,1.7,2.5,4,1,0.8,1,1,1,1,1,0,0,0,21,4,2013,2013
Marquette,1.6,1.2,3,1,0.75,1,1,1,1,0,0,0,0,8,0,2013,2013
La Salle,1.5,1.8,2,1,0.667,1,1,1,0,0,0,0,0,0,0,2013,2013
Oregon,1.2,1.5,2,1,0.667,1,1,1,0,0,0,0,0,1,0,2013,2013
Duke,0.8,0.6,3,1,0.75,1,1,1,1,0,0,0,1,15,4,2013,2013
Harvard,0.7,0.8,1,1,0.5,1,1,0,0,0,0,0,0,0,0,2013,2013
Ohio St.,0.7,0.6,3,1,0.75,1,1,1,1,0,0,0,1,22,4,2013,2013
Temple,0.5,0.4,1,1,0.5,1,1,0,0,0,0,0,0,0,0,2013,2013
Arizona,0.5,0.9,2,1,0.667,1,1,1,0,0,0,0,0,9,1,2013,2013
Mississippi,0.4,0.5,1,1,0.5,1,1,0,0,0,0,0,0,2,0,2013,2013
California,0.4,0.5,1,1,0.5,1,1,0,0,0,0,0,0,1,0,2013,2013
Colorado St.,0.4,0.3,1,1,0.5,1,1,0,0,0,0,0,0,1,0,2013,2013
Memphis,0.3,-0.1,1,1,0.5,1,1,0,0,0,0,0,0,1,0,2013,2013
Minnesota,0.1,0.4,1,1,0.5,1,1,0,0,0,0,0,0,3,0,2013,2013
Iowa St.,0.1,0.4,1,1,0.5,1,1,0,0,0,0,0,0,3,0,2013,2013
San Diego St.,0.1,0.1,1,1,0.5,1,1,0,0,0,0,0,0,2,0,2013,2013
Michigan St.,0.1,0.2,2,1,0.667,1,1,1,0,0,0,0,0,12,3,2013,2013
Florida,0.1,1.2,3,1,0.75,1,1,1,1,0,0,0,0,32,11,2013,2013
Illinois,0.1,0.1,1,1,0.5,1,1,0,0,0,0,0,0,3,0,2013,2013
North Carolina,0.1,0.3,1,1,0.5,1,1,0,0,0,0,0,0,2,0,2013,2013
Butler,0,-0.1,1,1,0.5,1,1,0,0,0,0,0,0,3,0,2013,2013
Creighton,0,0.1,1,1,0.5,1,1,0,0,0,0,0,0,3,0,2013,2013
North Carolina A&T,0,-0,0,1,0,1,0,0,0,0,0,0,0,0,0,2013,2013
Albany,-0.1,-0.1,0,1,0,1,0,0,0,0,0,0,0,0,0,2013,2013
Northwestern St.,-0.1,-0.2,0,1,0,1,0,0,0,0,0,0,0,0,0,2013,2013
James Madison,-0.1,-0,0,1,0,1,0,0,0,0,0,0,0,0,0,2013,2013
Southern,-0.1,-0,0,1,0,1,0,0,0,0,0,0,0,0,0,2013,2013
Montana,-0.1,-0.3,0,1,0,1,0,0,0,0,0,0,0,0,0,2013,2013
Miami FL,-0.1,-0.4,2,1,0.667,1,1,1,0,0,0,0,1,16,2,2013,2013
VCU,-0.1,-0.1,1,1,0.5,1,1,0,0,0,0,0,0,3,0,2013,2013
Western Kentucky,-0.1,-0,0,1,0,1,0,0,0,0,0,0,0,0,0,2013,2013
South Dakota St.,-0.1,-0.3,0,1,0,1,0,0,0,0,0,0,0,0,0,2013,2013
Iona,-0.2,-0.1,0,1,0,1,0,0,0,0,0,0,0,0,0,2013,2013
Pacific,-0.2,-0.1,0,1,0,1,0,0,0,0,0,0,0,0,0,2013,2013
Valparaiso,-0.3,-0.2,0,1,0,1,0,0,0,0,0,0,0,0,0,2013,2013
Kansas,-0.3,-1.3,2,1,0.667,1,1,1,0,0,0,0,1,18,4,2013,2013
New Mexico St.,-0.3,-0.3,0,1,0,1,0,0,0,0,0,0,0,0,0,2013,2013
Akron,-0.4,-0.5,0,1,0,1,0,0,0,0,0,0,0,0,0,2013,2013
Davidson,-0.5,-0.2,0,1,0,1,0,0,0,0,0,0,0,0,0,2013,2013
Saint Louis,-0.5,-0.5,1,1,0.5,1,1,0,0,0,0,0,0,5,0,2013,2013
Cincinnati,-0.5,-0.6,0,1,0,1,0,0,0,0,0,0,0,0,0,2013,2013
Belmont,-0.5,-0.6,0,1,0,1,0,0,0,0,0,0,0,0,0,2013,2013
UCLA,-0.5,-1.1,0,1,0,1,0,0,0,0,0,0,0,0,0,2013,2013
Villanova,-0.6,-0.6,0,1,0,1,0,0,0,0,0,0,0,0,0,2013,2013
Oklahoma,-0.6,-0.6,0,1,0,1,0,0,0,0,0,0,0,0,0,2013,2013
Missouri,-0.6,-0.6,0,1,0,1,0,0,0,0,0,0,0,1,0,2013,2013
Bucknell,-0.7,-0.6,0,1,0,1,0,0,0,0,0,0,0,1,0,2013,2013
Notre Dame,-0.7,-0.9,0,1,0,1,0,0,0,0,0,0,0,2,0,2013,2013
UNLV,-0.8,-1.1,0,1,0,1,0,0,0,0,0,0,0,2,0,2013,2013
Indiana,-0.8,-1.3,2,1,0.667,1,1,1,0,0,0,0,1,34,9,2013,2013
Colorado,-0.8,-0.6,0,1,0,1,0,0,0,0,0,0,0,2,0,2013,2013
North Carolina St.,-0.9,-0.7,0,1,0,1,0,0,0,0,0,0,0,3,0,2013,2013
Saint Mary's,-0.9,-0.6,0,1,0,1,0,0,0,0,0,0,0,2,0,2013,2013
Oklahoma St.,-0.9,-1.1,0,1,0,1,0,0,0,0,0,0,0,2,0,2013,2013
Pittsburgh,-1.1,-0.7,0,1,0,1,0,0,0,0,0,0,0,8,1,2013,2013
Kansas St.,-1.1,-1.5,0,1,0,1,0,0,0,0,0,0,0,4,0,2013,2013
Wisconsin,-1.3,-1.1,0,1,0,1,0,0,0,0,0,0,0,9,1,2013,2013
Gonzaga,-1.4,-2.3,1,1,0.5,1,1,0,0,0,0,0,1,25,6,2013,2013
New Mexico,-1.5,-1.8,0,1,0,1,0,0,0,0,0,0,0,7,0,2013,2013
Georgetown,-1.8,-2.4,0,1,0,1,0,0,0,0,0,0,1,11,2,2013,2013
Connecticut,4.4,5.1,6,0,1,1,1,1,1,1,1,1,0,12,2,2014,2014
Kentucky,3.8,4.3,5,1,0.833,1,1,1,1,1,1,0,0,6,1,2014,2014
Dayton,2.4,2.4,3,1,0.75,1,1,1,1,0,0,0,0,1,0,2014,2014
Wisconsin,1.7,1.6,4,1,0.8,1,1,1,1,1,0,0,1,20,5,2014,2014
Stanford,1.3,1.4,2,1,0.667,1,1,1,0,0,0,0,0,2,0,2014,2014
Michigan St.,1.1,1.5,3,1,0.75,1,1,1,1,0,0,0,0,13,2,2014,2014
Florida,1,0.7,4,1,0.8,1,1,1,1,1,0,0,1,38,14,2014,2014
Michigan,0.9,0.6,3,1,0.75,1,1,1,1,0,0,0,1,13,3,2014,2014
Baylor,0.8,0.9,2,1,0.667,1,1,1,0,0,0,0,0,5,0,2014,2014
Mercer,0.8,0.8,1,1,0.5,1,1,0,0,0,0,0,0,0,0,2014,2014
Stephen F. Austin,0.6,0.5,1,1,0.5,1,1,0,0,0,0,0,0,0,0,2014,2014
North Dakota St.,0.5,0.5,1,1,0.5,1,1,0,0,0,0,0,0,0,0,2014,2014
Iowa St.,0.5,0.2,2,1,0.667,1,1,1,0,0,0,0,0,8,1,2014,2014
San Diego St.,0.5,0.5,2,1,0.667,1,1,1,0,0,0,0,0,8,1,2014,2014
UCLA,0.5,0.5,2,1,0.667,1,1,1,0,0,0,0,0,8,1,2014,2014
Harvard,0.3,0.5,1,1,0.5,1,1,0,0,0,0,0,0,2,0,2014,2014
Memphis,0.3,0.3,1,1,0.5,1,1,0,0,0,0,0,0,1,0,2014,2014
Tennessee,0.3,1.4,2,1,0.667,1,1,1,0,0,0,0,0,11,2,2014,2014
Texas,0.2,0.1,1,1,0.5,1,1,0,0,0,0,0,0,1,0,2014,2014
Saint Louis,0.2,-0.1,1,1,0.5,1,1,0,0,0,0,0,0,1,0,2014,2014
Gonzaga,0.2,0.3,1,1,0.5,1,1,0,0,0,0,0,0,3,0,2014,2014
Arizona,0,-0.3,3,1,0.75,1,1,1,1,0,0,0,1,39,15,2014,2014
Coastal Carolina,0,-0,0,1,0,1,0,0,0,0,0,0,0,0,0,2014,2014
Albany,-0.1,-0,0,1,0,1,0,0,0,0,0,0,0,0,0,2014,2014
Oregon,-0.1,0.1,1,1,0.5,1,1,0,0,0,0,0,0,4,0,2014,2014
Wofford,-0.1,-0.1,0,1,0,1,0,0,0,0,0,0,0,0,0,2014,2014
Milwaukee,-0.1,-0.1,0,1,0,1,0,0,0,0,0,0,0,0,0,2014,2014
Weber St.,-0.1,-0,0,1,0,1,0,0,0,0,0,0,0,0,0,2014,2014
Cal Poly,-0.1,-0,0,1,0,1,0,0,0,0,0,0,0,0,0,2014,2014
Eastern Kentucky,-0.2,-0.1,0,1,0,1,0,0,0,0,0,0,0,0,0,2014,2014
Delaware,-0.2,-0.3,0,1,0,1,0,0,0,0,0,0,0,0,0,2014,2014
Manhattan,-0.2,-0.3,0,1,0,1,0,0,0,0,0,0,0,0,0,2014,2014
Pittsburgh,-0.2,0.4,1,1,0.5,1,1,0,0,0,0,0,0,6,1,2014,2014
Louisiana Lafayette,-0.2,-0.2,0,1,0,1,0,0,0,0,0,0,0,0,0,2014,2014
American,-0.2,-0.1,0,1,0,1,0,0,0,0,0,0,0,0,0,2014,2014
North Carolina,-0.2,-0.1,1,1,0.5,1,1,0,0,0,0,0,0,4,0,2014,2014
Western Michigan,-0.2,-0.2,0,1,0,1,0,0,0,0,0,0,0,0,0,2014,2014
Tulsa,-0.3,-0.3,0,1,0,1,0,0,0,0,0,0,0,0,0,2014,2014
North Carolina Central,-0.3,-0.2,0,1,0,1,0,0,0,0,0,0,0,0,0,2014,2014
Colorado,-0.3,-0.7,0,1,0,1,0,0,0,0,0,0,0,0,0,2014,2014
Saint Joseph's,-0.4,-0.6,0,1,0,1,0,0,0,0,0,0,0,0,0,2014,2014
Massachusetts,-0.4,-1.1,0,1,0,1,0,0,0,0,0,0,0,0,0,2014,2014
Kansas St.,-0.4,-0.6,0,1,0,1,0,0,0,0,0,0,0,0,0,2014,2014
New Mexico St.,-0.4,-0.3,0,1,0,1,0,0,0,0,0,0,0,0,0,2014,2014
North Carolina St.,-0.5,-0.5,0,1,0,1,0,0,0,0,0,0,0,0,0,2014,2014
BYU,-0.5,-0.6,0,1,0,1,0,0,0,0,0,0,0,0,0,2014,2014
Providence,-0.6,-0.6,0,1,0,1,0,0,0,0,0,0,0,1,0,2014,2014
George Washington,-0.6,-0.6,0,1,0,1,0,0,0,0,0,0,0,1,0,2014,2014
Nebraska,-0.6,-0.6,0,1,0,1,0,0,0,0,0,0,0,1,0,2014,2014
Creighton,-0.6,-0.8,1,1,0.5,1,1,0,0,0,0,0,0,7,1,2014,2014
Louisville,-0.7,0.5,2,1,0.667,1,1,1,0,0,0,0,0,31,12,2014,2014
Arizona St.,-0.7,-0.6,0,1,0,1,0,0,0,0,0,0,0,1,0,2014,2014
Syracuse,-0.8,-0.8,1,1,0.5,1,1,0,0,0,0,0,0,11,1,2014,2014
Oklahoma St.,-0.8,-0.6,0,1,0,1,0,0,0,0,0,0,0,3,0,2014,2014
Villanova,-0.9,-1.4,1,1,0.5,1,1,0,0,0,0,0,1,13,2,2014,2014
Virginia,-0.9,-1.3,2,1,0.667,1,1,1,0,0,0,0,1,35,10,2014,2014
New Mexico,-1,-0.9,0,1,0,1,0,0,0,0,0,0,0,3,0,2014,2014
Kansas,-1,-1.4,1,1,0.5,1,1,0,0,0,0,0,1,13,2,2014,2014
Cincinnati,-1,-1.1,0,1,0,1,0,0,0,0,0,0,0,4,0,2014,2014
Oklahoma,-1.1,-1.1,0,1,0,1,0,0,0,0,0,0,0,3,0,2014,2014
Ohio St.,-1.3,-1.1,0,1,0,1,0,0,0,0,0,0,0,6,1,2014,2014
Wichita St.,-1.3,-2.3,1,1,0.5,1,1,0,0,0,0,0,1,21,7,2014,2014
VCU,-1.4,-1.1,0,1,0,1,0,0,0,0,0,0,0,7,1,2014,2014
Duke,-1.6,-1.8,0,1,0,1,0,0,0,0,0,0,0,8,1,2014,2014
Michigan St.,2.9,3.1,4,1,0.8,1,1,1,1,1,0,0,0,4,0,2015,2015
Duke,2.8,2.7,6,0,1,1,1,1,1,1,1,1,1,42,12,2015,2015
Wisconsin,1.8,1.7,5,1,0.833,1,1,1,1,1,1,0,1,39,12,2015,2015
Louisville,1.5,1.5,3,1,0.75,1,1,1,1,0,0,0,0,6,0,2015,2015
North Carolina St.,1.3,1.3,2,1,0.667,1,1,1,0,0,0,0,0,1,0,2015,2015
UCLA,1.3,1.4,2,1,0.667,1,1,1,0,0,0,0,0,1,0,2015,2015
Notre Dame,1,1.2,3,1,0.75,1,1,1,1,0,0,0,0,11,1,2015,2015
West Virginia,0.9,0.9,2,1,0.667,1,1,1,0,0,0,0,0,2,0,2015,2015
Xavier,0.9,0.9,2,1,0.667,1,1,1,0,0,0,0,0,2,0,2015,2015
UAB,0.8,0.8,1,1,0.5,1,1,0,0,0,0,0,0,0,0,2015,2015
Georgia St.,0.6,0.8,1,1,0.5,1,1,0,0,0,0,0,0,0,0,2015,2015
Gonzaga,0.6,0.6,3,1,0.75,1,1,1,1,0,0,0,1,21,3,2015,2015
Wichita St.,0.5,1.1,2,1,0.667,1,1,1,0,0,0,0,0,6,0,2015,2015
Cincinnati,0.4,0.3,1,1,0.5,1,1,0,0,0,0,0,0,1,0,2015,2015
Dayton,0.3,0.4,1,1,0.5,1,1,0,0,0,0,0,0,0,0,2015,2015
Oregon,0.3,0.3,1,1,0.5,1,1,0,0,0,0,0,0,0,0,2015,2015
North Carolina,0.3,0.5,2,1,0.667,1,1,1,0,0,0,0,0,7,0,2015,2015
Oklahoma,0.2,0.2,2,1,0.667,1,1,1,0,0,0,0,0,9,1,2015,2015
Utah,0.2,0.9,2,1,0.667,1,1,1,0,0,0,0,0,14,2,2015,2015
San Diego St.,0.2,0.3,1,1,0.5,1,1,0,0,0,0,0,0,1,0,2015,2015
Ohio St.,0.2,0.4,1,1,0.5,1,1,0,0,0,0,0,0,1,0,2015,2015
Butler,0.1,-0.1,1,1,0.5,1,1,0,0,0,0,0,0,2,0,2015,2015
Maryland,0,-0.5,1,1,0.5,1,1,0,0,0,0,0,0,1,0,2015,2015
Iowa,0,0.1,1,1,0.5,1,0,0,0,0,0,0,0,3,0,2015,2015
Lafayette,0,-0,0,1,0,1,0,0,0,0,0,0,0,0,0,2015,2015
Hampton,0,-0,0,1,0,1,0,0,0,0,0,0,0,0,0,2015,2015
Texas Southern,0,-0.1,0,1,0,1,0,0,0,0,0,0,0,0,0,2015,2015
Robert Morris,0,-0,0,1,0,1,0,0,0,0,0,0,0,0,0,2015,2015
North Dakota St.,-0.1,-0.1,0,1,0,1,0,0,0,0,0,0,0,0,0,2015,2015
Arkansas,-0.1,-0.1,1,1,0.5,1,1,0,0,0,0,0,0,1,0,2015,2015
Kentucky,-0.1,0.7,4,1,0.8,1,1,1,1,1,0,0,1,65,29,2015,2015
Coastal Carolina,-0.1,-0,0,1,0,1,0,0,0,0,0,0,0,0,0,2015,2015
Northeastern,-0.1,-0.2,0,1,0,1,0,0,0,0,0,0,0,0,0,2015,2015
Belmont,-0.1,-0.1,0,1,0,1,0,0,0,0,0,0,0,0,0,2015,2015
Albany,-0.2,-0.2,0,1,0,1,0,0,0,0,0,0,0,0,0,2015,2015
UC Irvine,-0.2,-0.3,0,1,0,1,0,0,0,0,0,0,0,0,0,2015,2015
Wyoming,-0.2,-0.5,0,1,0,1,0,0,0,0,0,0,0,0,0,2015,2015
Georgetown,-0.2,-0.5,1,1,0.5,1,1,0,0,0,0,0,0,3,0,2015,2015
Arizona,-0.2,0.6,3,1,0.75,1,1,1,1,0,0,0,1,41,13,2015,2015
Eastern Washington,-0.2,-0.3,0,1,0,1,0,0,0,0,0,0,0,0,0,2015,2015
New Mexico St.,-0.2,-0.1,0,1,0,1,0,0,0,0,0,0,0,0,0,2015,2015
Harvard,-0.3,-0.3,0,1,0,1,0,0,0,0,0,0,0,0,0,2015,2015
Indiana,-0.4,-0.6,0,1,0,1,0,0,0,0,0,0,0,0,0,2015,2015
Stephen F. Austin,-0.4,-0.5,0,1,0,1,0,0,0,0,0,0,0,0,0,2015,2015
Georgia,-0.4,-0.6,0,1,0,1,0,0,0,0,0,0,0,0,0,2015,2015
Wofford,-0.4,-0.5,0,1,0,1,0,0,0,0,0,0,0,0,0,2015,2015
Mississippi,-0.5,-0.6,0,1,0,1,0,0,0,0,0,0,0,0,0,2015,2015
Davidson,-0.5,-0.6,0,1,0,1,1,0,0,0,0,0,0,0,0,2015,2015
St. John's,-0.5,-0.6,0,1,0,1,0,0,0,0,0,0,0,0,0,2015,2015
Purdue,-0.5,-0.6,0,1,0,1,0,0,0,0,0,0,0,0,0,2015,2015
Kansas,-0.6,-1.4,1,1,0.5,1,1,0,0,0,0,0,1,5,0,2015,2015
LSU,-0.6,-0.6,0,1,0,1,0,0,0,0,0,0,0,0,0,2015,2015
VCU,-0.6,-0.9,0,1,0,1,0,0,0,0,0,0,0,0,0,2015,2015
Buffalo,-0.6,-0.5,0,1,0,1,0,0,0,0,0,0,0,0,0,2015,2015
Oklahoma St.,-0.6,-0.6,0,1,0,1,0,0,0,0,0,0,0,0,0,2015,2015
Valparaiso,-0.6,-0.3,0,1,0,1,0,0,0,0,0,0,0,0,0,2015,2015
Texas,-0.7,-0.6,0,1,0,1,0,0,0,0,0,0,0,1,0,2015,2015
Northern Iowa,-0.7,-0.1,1,1,0.5,1,1,0,0,0,0,0,0,8,1,2015,2015
Providence,-0.8,-1.1,0,1,0,1,0,0,0,0,0,0,0,1,0,2015,2015
SMU,-1,-1.1,0,1,0,1,0,0,0,0,0,0,0,3,0,2015,2015
Baylor,-1.4,-1.8,0,1,0,1,0,0,0,0,0,0,0,4,0,2015,2015
Iowa St.,-1.7,-1.8,0,1,0,1,0,0,0,0,0,0,0,7,0,2015,2015
Virginia,-1.8,-1.4,1,1,0.5,1,1,0,0,0,0,0,1,32,7,2015,2015
Villanova,-1.9,-2.3,1,1,0.5,1,1,0,0,0,0,0,1,33,8,2015,2015
Syracuse,2.9,3.4,4,1,0.8,1,1,1,1,1,0,0,0,4,0,2016,2016
Villanova,2.7,3.6,6,0,1,1,1,1,1,1,1,1,1,40,21,2016,2016
Notre Dame,2,1.9,3,1,0.75,1,1,1,1,0,0,0,0,2,0,2016,2016
North Carolina,1.9,1.7,5,1,0.833,1,1,1,1,1,1,0,1,40,14,2016,2016
Oklahoma,1.8,1.6,4,1,0.8,1,1,1,1,1,0,0,1,22,3,2016,2016
Wisconsin,1.1,1.1,2,1,0.667,1,1,1,0,0,0,0,0,2,0,2016,2016
Middle Tennessee,0.8,0.9,1,1,0.5,1,1,0,0,0,0,0,0,0,0,2016,2016
Gonzaga,0.8,1.4,2,1,0.667,1,1,1,0,0,0,0,0,6,1,2016,2016
Maryland,0.7,0.9,2,1,0.667,1,1,1,0,0,0,0,0,3,0,2016,2016
Oregon,0.7,-0.3,3,1,0.75,1,1,1,1,0,0,0,1,22,3,2016,2016
Indiana,0.5,0.9,2,1,0.667,1,1,1,0,0,0,0,0,8,1,2016,2016
Miami FL,0.5,0.2,2,1,0.667,1,1,1,0,0,0,0,0,6,1,2016,2016
Iowa St.,0.5,0.5,2,1,0.667,1,1,1,0,0,0,0,0,7,1,2016,2016
Little Rock,0.5,0.5,1,1,0.5,1,1,0,0,0,0,0,0,0,0,2016,2016
Duke,0.5,0.5,2,1,0.667,1,1,1,0,0,0,0,0,10,1,2016,2016
Northern Iowa,0.4,0.4,1,1,0.5,1,1,0,0,0,0,0,0,1,0,2016,2016
Hawaii,0.4,0.8,1,1,0.5,1,1,0,0,0,0,0,0,0,0,2016,2016
Providence,0.3,0.4,1,1,0.5,1,1,0,0,0,0,0,0,1,0,2016,2016
Yale,0.3,0.5,1,1,0.5,1,1,0,0,0,0,0,0,2,0,2016,2016
Stephen F. Austin,0.3,0.8,1,1,0.5,1,1,0,0,0,0,0,0,3,0,2016,2016
Butler,0.2,0.4,1,1,0.5,1,1,0,0,0,0,0,0,2,0,2016,2016
Saint Joseph's,0.2,0.3,1,1,0.5,1,1,0,0,0,0,0,0,3,0,2016,2016
Texas A&M,0.2,0.2,2,1,0.667,1,1,1,0,0,0,0,0,14,1,2016,2016
Iowa,0,0.1,1,1,0.5,1,1,0,0,0,0,0,0,2,0,2016,2016
Holy Cross,0,-0,0,1,0,1,0,0,0,0,0,0,0,0,0,2016,2016
Connecticut,0,0.4,1,1,0.5,1,1,0,0,0,0,0,0,2,0,2016,2016
Austin Peay,0,-0,0,1,0,1,0,0,0,0,0,0,0,0,0,2016,2016
Hampton,0,-0,0,1,0,1,0,0,0,0,0,0,0,0,0,2016,2016
Kansas,0,-0.3,3,1,0.75,1,1,1,1,0,0,0,1,31,12,2016,2016
UNC Asheville,-0.1,-0.1,0,1,0,1,0,0,0,0,0,0,0,0,0,2016,2016
Utah,-0.1,-0.8,1,1,0.5,1,1,0,0,0,0,0,0,2,0,2016,2016
Virginia,-0.1,-0.3,3,1,0.75,1,1,1,1,0,0,0,1,39,13,2016,2016
Florida Gulf Coast,-0.1,-0,0,1,0,1,0,0,0,0,0,0,0,0,0,2016,2016
VCU,-0.1,0.4,1,1,0.5,1,1,0,0,0,0,0,0,5,0,2016,2016
Cal St. Bakersfield,-0.2,-0.1,0,1,0,1,0,0,0,0,0,0,0,0,0,2016,2016
Stony Brook,-0.2,-0.3,0,1,0,1,0,0,0,0,0,0,0,0,0,2016,2016
Green Bay,-0.2,-0.2,0,1,0,1,0,0,0,0,0,0,0,0,0,2016,2016
Chattanooga,-0.2,-0.5,0,1,0,1,0,0,0,0,0,0,0,0,0,2016,2016
Buffalo,-0.2,-0.2,0,1,0,1,0,0,0,0,0,0,0,0,0,2016,2016
Weber St.,-0.2,-0.1,0,1,0,1,0,0,0,0,0,0,0,0,0,2016,2016
Wichita St.,-0.2,0.4,1,1,0.5,1,1,0,0,0,0,0,0,6,1,2016,2016
Temple,-0.3,-0.6,0,1,0,1,0,0,0,0,0,0,0,0,0,2016,2016
Iona,-0.3,-0.3,0,1,0,1,0,0,0,0,0,0,0,0,0,2016,2016
UNC Wilmington,-0.4,-0.3,0,1,0,1,0,0,0,0,0,0,0,0,0,2016,2016
Fresno St.,-0.4,-0.2,0,1,0,1,0,0,0,0,0,0,0,0,0,2016,2016
Colorado,-0.4,-0.7,0,1,0,1,0,0,0,0,0,0,0,0,0,2016,2016
South Dakota St.,-0.4,-0.5,0,1,0,1,0,0,0,0,0,0,0,0,0,2016,2016
Oregon St.,-0.5,-0.9,0,1,0,1,0,0,0,0,0,0,0,1,0,2016,2016
Dayton,-0.5,-0.9,0,1,0,1,0,0,0,0,0,0,0,0,0,2016,2016
Texas Tech,-0.5,-0.7,0,1,0,1,0,0,0,0,0,0,0,0,0,2016,2016
Michigan,-0.6,-0.6,0,1,0,1,0,0,0,0,0,0,0,0,0,2016,2016
USC,-0.6,-0.7,0,1,0,1,0,0,0,0,0,0,0,0,0,2016,2016
Arizona,-0.7,-1.1,0,1,0,1,0,0,0,0,0,0,0,2,0,2016,2016
Pittsburgh,-0.7,-0.6,0,1,0,1,0,0,0,0,0,0,0,1,0,2016,2016
Kentucky,-0.8,-0.5,1,1,0.5,1,1,0,0,0,0,0,0,12,2,2016,2016
Cincinnati,-0.8,-0.6,0,1,0,1,0,0,0,0,0,0,0,3,0,2016,2016
Xavier,-1,-1.4,1,1,0.5,1,1,0,0,0,0,0,1,14,2,2016,2016
Seton Hall,-1,-1.1,0,1,0,1,0,0,0,0,0,0,0,4,0,2016,2016
Texas,-1.1,-1.1,0,1,0,1,0,0,0,0,0,0,0,4,0,2016,2016
California,-1.1,-1.5,0,1,0,1,0,0,0,0,0,0,0,2,0,2016,2016
Baylor,-1.1,-1.1,0,1,0,1,0,0,0,0,0,0,0,6,0,2016,2016
Purdue,-1.4,-1.1,0,1,0,1,0,0,0,0,0,0,0,8,1,2016,2016
West Virginia,-1.5,-1.8,0,1,0,1,0,0,0,0,0,0,0,10,2,2016,2016
Michigan St.,-2.3,-2.4,0,1,0,1,0,0,0,0,0,0,1,20,4,2016,2016
North Carolina,3,2.7,6,0,1,1,1,1,1,1,1,1,1,33,10,2017,2017
South Carolina,2.9,3.1,4,1,0.8,1,1,1,1,1,0,0,0,4,0,2017,2017
Xavier,2,2.4,3,1,0.75,1,1,1,1,0,0,0,0,2,0,2017,2017
Oregon,1.9,2.2,4,1,0.8,1,1,1,1,1,0,0,0,16,3,2017,2017
Gonzaga,1.8,1.7,5,1,0.833,1,1,1,1,1,1,0,1,42,18,2017,2017
Michigan,1,1.1,2,1,0.667,1,1,1,0,0,0,0,0,5,1,2017,2017
Florida,1,1.5,3,1,0.75,1,1,1,1,0,0,0,0,16,4,2017,2017
Wisconsin,0.8,1.3,2,1,0.667,1,1,1,0,0,0,0,0,6,1,2017,2017
Kentucky,0.7,0.6,3,1,0.75,1,1,1,1,0,0,0,1,21,6,2017,2017
USC,0.6,0.4,1,1,0.5,1,1,0,0,0,0,0,0,0,0,2017,2017
Purdue,0.5,0.5,2,1,0.667,1,1,1,0,0,0,0,0,9,1,2017,2017
Northwestern,0.4,0.3,1,1,0.5,1,1,0,0,0,0,0,0,1,0,2017,2017
Rhode Island,0.3,0.4,1,1,0.5,1,1,0,0,0,0,0,0,1,0,2017,2017
Michigan St.,0.3,0.4,1,1,0.5,1,1,0,0,0,0,0,0,1,0,2017,2017
Butler,0.3,0.5,2,1,0.667,1,1,1,0,0,0,0,0,8,1,2017,2017
Baylor,0.3,0.2,2,1,0.667,1,1,1,0,0,0,0,0,11,2,2017,2017
Middle Tennessee,0.3,0.5,1,1,0.5,1,1,0,0,0,0,0,0,1,0,2017,2017
Kansas,0.3,-0.3,3,1,0.75,1,1,1,1,0,0,0,1,28,8,2017,2017
Arkansas,0.2,0.3,1,1,0.5,1,1,0,0,0,0,0,0,1,0,2017,2017
UCLA,0.1,0.2,2,1,0.667,1,1,1,0,0,0,0,0,11,2,2017,2017
Arizona,0,-0.4,2,1,0.667,1,1,1,0,0,0,0,1,12,2,2017,2017
UC Davis,-0,-0,0,1,0,1,0,0,0,0,0,0,0,0,0,2017,2017
Notre Dame,-0,-0.1,1,1,0.5,1,1,0,0,0,0,0,0,3,0,2017,2017
Texas Southern,-0,-0,0,1,0,1,0,0,0,0,0,0,0,0,0,2017,2017
South Dakota St.,-0,-0,0,1,0,1,0,0,0,0,0,0,0,0,0,2017,2017
Mount St. Mary's,-0,-0,0,1,0,1,0,0,0,0,0,0,0,0,0,2017,2017
Northern Kentucky,-0.1,-0.1,0,1,0,1,0,0,0,0,0,0,0,0,0,2017,2017
North Dakota,-0.1,-0.1,0,1,0,1,0,0,0,0,0,0,0,0,0,2017,2017
Jacksonville St.,-0.1,-0.1,0,1,0,1,0,0,0,0,0,0,0,0,0,2017,2017
Kent St.,-0.1,-0.2,0,1,0,1,0,0,0,0,0,0,0,0,0,2017,2017
Cincinnati,-0.1,-0.1,1,1,0.5,1,1,0,0,0,0,0,0,5,1,2017,2017
Troy,-0.1,-0.1,0,1,0,1,0,0,0,0,0,0,0,0,0,2017,2017
Iona,-0.1,-0.2,0,1,0,1,0,0,0,0,0,0,0,0,0,2017,2017
West Virginia,-0.1,0.5,2,1,0.667,1,1,1,0,0,0,0,0,18,5,2017,2017
Bucknell,-0.2,-0.3,0,1,0,1,0,0,0,0,0,0,0,0,0,2017,2017
East Tennessee St.,-0.2,-0.3,0,1,0,1,0,0,0,0,0,0,0,0,0,2017,2017
Winthrop,-0.2,-0.3,0,1,0,1,0,0,0,0,0,0,0,0,0,2017,2017
New Mexico St.,-0.2,-0.2,0,1,0,1,0,0,0,0,0,0,0,0,0,2017,2017
Florida Gulf Coast,-0.2,-0.2,0,1,0,1,0,0,0,0,0,0,0,0,0,2017,2017
UNC Wilmington,-0.3,-0.5,0,1,0,1,0,0,0,0,0,0,0,0,0,2017,2017
Vermont,-0.3,-0.3,0,1,0,1,0,0,0,0,0,0,0,0,0,2017,2017
Dayton,-0.3,-0.9,0,1,0,1,0,0,0,0,0,0,0,0,0,2017,2017
Nevada,-0.4,-0.5,0,1,0,1,0,0,0,0,0,0,0,0,0,2017,2017
Virginia Tech,-0.4,-0.6,0,1,0,1,0,0,0,0,0,0,0,0,0,2017,2017
Virginia,-0.4,-0.1,1,1,0.5,1,1,0,0,0,0,0,0,8,1,2017,2017
Princeton,-0.5,-0.5,0,1,0,1,0,0,0,0,0,0,0,0,0,2017,2017
VCU,-0.5,-0.6,0,1,0,1,0,0,0,0,0,0,0,0,0,2017,2017
Saint Mary's,-0.5,0.1,1,1,0.5,1,1,0,0,0,0,0,0,9,2,2017,2017
Wichita St.,-0.5,0.4,1,1,0.5,1,1,0,0,0,0,0,0,11,2,2017,2017
Iowa St.,-0.5,-0.1,1,1,0.5,1,1,0,0,0,0,0,0,9,1,2017,2017
Seton Hall,-0.6,-0.6,0,1,0,1,0,0,0,0,0,0,0,0,0,2017,2017
Marquette,-0.6,-0.6,0,1,0,1,0,0,0,0,0,0,0,1,0,2017,2017
Kansas St.,-0.6,-0.6,0,1,0,1,0,0,0,0,0,0,0,1,0,2017,2017
Vanderbilt,-0.7,-0.6,0,1,0,1,0,0,0,0,0,0,0,1,0,2017,2017
Florida St.,-0.7,-0.8,1,1,0.5,1,1,0,0,0,0,0,0,6,0,2017,2017
Miami FL,-0.7,-0.7,0,1,0,1,0,0,0,0,0,0,0,1,0,2017,2017
Maryland,-0.7,-1.1,0,1,0,1,0,0,0,0,0,0,0,1,0,2017,2017
Minnesota,-0.9,-1.1,0,1,0,1,0,0,0,0,0,0,0,1,0,2017,2017
Creighton,-0.9,-1.1,0,1,0,1,0,0,0,0,0,0,0,3,0,2017,2017
Oklahoma St.,-0.9,-0.6,0,1,0,1,0,0,0,0,0,0,0,5,0,2017,2017
Duke,-1,-1.4,1,1,0.5,1,1,0,0,0,0,0,1,13,2,2017,2017
Louisville,-1,-1.4,1,1,0.5,1,1,0,0,0,0,0,1,16,3,2017,2017
Villanova,-1.6,-2.3,1,1,0.5,1,1,0,0,0,0,0,1,26,8,2017,2017
SMU,-1.6,-1.1,0,1,0,1,0,0,0,0,0,0,0,10,2,2017,2017
Loyola Chicago,3.2,3.4,4,1,0.8,1,1,1,1,1,0,0,0,1,0,2018,2018
Michigan,2.8,3.2,5,1,0.833,1,1,1,1,1,1,0,0,22,4,2018,2018
Villanova,2.5,2.7,6,0,1,1,1,1,1,1,1,1,1,49,22,2018,2018
Kansas St.,2.4,2.4,3,1,0.75,1,1,1,1,0,0,0,0,1,0,2018,2018
Florida St.,2,2.4,3,1,0.75,1,1,1,1,0,0,0,0,3,0,2018,2018
Kansas,1.8,0.7,4,1,0.8,1,1,1,1,1,0,0,1,17,3,2018,2018
Syracuse,1.4,1.4,2,1,0.667,1,1,1,0,0,0,0,0,1,0,2018,2018
Nevada,1.2,1.1,2,1,0.667,1,1,1,0,0,0,0,0,2,0,2018,2018
Texas Tech,1,1.2,3,1,0.75,1,1,1,1,0,0,0,0,11,2,2018,2018
Texas A&M,1,1.1,2,1,0.667,1,1,1,0,0,0,0,0,3,0,2018,2018
UMBC,1,1,1,1,0.5,1,1,0,0,0,0,0,0,0,0,2018,2018
Marshall,0.7,0.8,1,1,0.5,1,1,0,0,0,0,0,0,0,0,2018,2018
Kentucky,0.6,0.9,2,1,0.667,1,1,1,0,0,0,0,0,6,1,2018,2018
Buffalo,0.6,0.8,1,1,0.5,1,1,0,0,0,0,0,0,0,0,2018,2018
Alabama,0.5,0.4,1,1,0.5,1,1,0,0,0,0,0,0,0,0,2018,2018
Clemson,0.4,0.9,2,1,0.667,1,1,1,0,0,0,0,0,8,1,2018,2018
Rhode Island,0.4,0.1,1,1,0.5,1,1,0,0,0,0,0,0,0,0,2018,2018
Gonzaga,0.3,0.5,2,1,0.667,1,1,1,0,0,0,0,0,12,1,2018,2018
West Virginia,0.3,0.9,2,1,0.667,1,1,1,0,0,0,0,0,10,2,2018,2018
Seton Hall,-0,0.3,1,1,0.5,1,1,0,0,0,0,0,0,3,0,2018,2018
Radford,-0,-0,0,1,0,1,0,0,0,0,0,0,0,0,0,2018,2018
Texas Southern,-0,-0,0,1,0,1,0,0,0,0,0,0,0,0,0,2018,2018
Iona,-0.1,-0.1,0,1,0,1,0,0,0,0,0,0,0,0,0,2018,2018
Cal St. Fullerton,-0.1,-0.1,0,1,0,1,0,0,0,0,0,0,0,0,0,2018,2018
Lipscomb,-0.1,-0.1,0,1,0,1,0,0,0,0,0,0,0,0,0,2018,2018
Butler,-0.1,0.4,1,1,0.5,1,1,0,0,0,0,0,0,3,0,2018,2018
Duke,-0.1,0.6,3,1,0.75,1,1,1,1,0,0,0,1,40,14,2018,2018
Purdue,-0.1,-0.4,2,1,0.667,1,1,1,0,0,0,0,1,13,2,2018,2018
Penn,-0.1,-0,0,1,0,1,0,0,0,0,0,0,0,0,0,2018,2018
Georgia St.,-0.1,-0.1,0,1,0,1,0,0,0,0,0,0,0,0,0,2018,2018
Wright St.,-0.1,-0.2,0,1,0,1,0,0,0,0,0,0,0,0,0,2018,2018
Stephen F. Austin,-0.1,-0.2,0,1,0,1,0,0,0,0,0,0,0,0,0,2018,2018
Bucknell,-0.2,-0.2,0,1,0,1,0,0,0,0,0,0,0,0,0,2018,2018
Houston,-0.2,-0.1,1,1,0.5,1,1,0,0,0,0,0,0,7,0,2018,2018
Montana,-0.2,-0.2,0,1,0,1,0,0,0,0,0,0,0,0,0,2018,2018
College of Charleston,-0.2,-0.3,0,1,0,1,0,0,0,0,0,0,0,0,0,2018,2018
Florida,-0.2,-0.1,1,1,0.5,1,1,0,0,0,0,0,0,4,0,2018,2018
UNC Greensboro,-0.2,-0.3,0,1,0,1,0,0,0,0,0,0,0,0,0,2018,2018
Murray St.,-0.3,-0.5,0,1,0,1,0,0,0,0,0,0,0,0,0,2018,2018
South Dakota St.,-0.3,-0.5,0,1,0,1,0,0,0,0,0,0,0,0,0,2018,2018
St. Bonaventure,-0.4,-0.6,0,1,0,1,0,0,0,0,0,0,0,0,0,2018,2018
New Mexico St.,-0.4,-0.5,0,1,0,1,0,0,0,0,0,0,0,0,0,2018,2018
Auburn,-0.4,-0.5,1,1,0.5,1,1,0,0,0,0,0,0,4,0,2018,2018
San Diego St.,-0.5,-0.6,0,1,0,1,0,0,0,0,0,0,0,1,0,2018,2018
Providence,-0.5,-0.6,0,1,0,1,0,0,0,0,0,0,0,0,0,2018,2018
Davidson,-0.6,-0.5,0,1,0,1,0,0,0,0,0,0,0,1,0,2018,2018
Arkansas,-0.6,-0.9,0,1,0,1,0,0,0,0,0,0,0,1,0,2018,2018
North Carolina St.,-0.6,-0.6,0,1,0,1,0,0,0,0,0,0,0,1,0,2018,2018
Ohio St.,-0.6,-0.1,1,1,0.5,1,1,0,0,0,0,0,0,11,1,2018,2018
Oklahoma,-0.6,-0.6,0,1,0,1,0,0,0,0,0,0,0,0,0,2018,2018
Missouri,-0.7,-0.7,0,1,0,1,0,0,0,0,0,0,0,1,0,2018,2018
Texas,-0.7,-0.6,0,1,0,1,0,0,0,0,0,0,0,1,0,2018,2018
Virginia Tech,-0.7,-0.7,0,1,0,1,0,0,0,0,0,0,0,1,0,2018,2018
Miami FL,-0.8,-1.1,0,1,0,1,0,0,0,0,0,0,0,1,0,2018,2018
Creighton,-0.8,-0.7,0,1,0,1,0,0,0,0,0,0,0,1,0,2018,2018
TCU,-0.9,-1.1,0,1,0,1,0,0,0,0,0,0,0,3,0,2018,2018
Tennessee,-1,-0.8,1,1,0.5,1,1,0,0,0,0,0,0,12,2,2018,2018
Michigan St.,-1.1,-0.8,1,1,0.5,1,1,0,0,0,0,0,0,17,4,2018,2018
Xavier,-1.1,-2.3,1,1,0.5,1,1,0,0,0,0,0,1,14,2,2018,2018
Arizona,-1.1,-1.5,0,1,0,1,0,0,0,0,0,0,0,3,0,2018,2018
Wichita St.,-1.2,-1.5,0,1,0,1,0,0,0,0,0,0,0,3,0,2018,2018
North Carolina,-1.3,-1.4,1,1,0.5,1,1,0,0,0,0,0,1,20,3,2018,2018
Cincinnati,-1.6,-1.4,1,1,0.5,1,1,0,0,0,0,0,1,27,8,2018,2018
Virginia,-3.2,-3.3,0,1,0,1,0,0,0,0,0,0,1,39,15,2018,2018
Virginia,2.6,2.7,6,0,1,1,1,1,1,1,1,1,1,46,17,2019,2019
Texas Tech,2.3,3.2,5,1,0.833,1,1,1,1,1,1,0,0,26,9,2019,2019
Auburn,2.2,2.9,4,1,0.8,1,1,1,1,1,0,0,0,12,2,2019,2019
Oregon,1.4,1.5,2,1,0.667,1,1,1,0,0,0,0,0,1,0,2019,2019
Michigan St.,1.3,1.6,4,1,0.8,1,1,1,1,1,0,0,1,31,7,2019,2019
UC Irvine,0.7,0.8,1,1,0.5,1,1,0,0,0,0,0,0,0,0,2019,2019
Liberty,0.7,0.5,1,1,0.5,1,1,0,0,0,0,0,0,0,0,2019,2019
Purdue,0.6,1.2,3,1,0.75,1,1,1,1,0,0,0,0,20,4,2019,2019
Minnesota,0.6,0.4,1,1,0.5,1,1,0,0,0,0,0,0,0,0,2019,2019
Ohio St.,0.6,0.4,1,1,0.5,1,1,0,0,0,0,0,0,0,0,2019,2019
Murray St.,0.5,0.5,1,1,0.5,1,1,0,0,0,0,0,0,0,0,2019,2019
Iowa,0.5,0.4,1,1,0.5,1,1,0,0,0,0,0,0,0,0,2019,2019
Baylor,0.5,0.4,1,1,0.5,1,1,0,0,0,0,0,0,0,0,2019,2019
LSU,0.4,0.2,2,1,0.667,1,1,1,0,0,0,0,0,6,0,2019,2019
Florida St.,0.4,0.5,2,1,0.667,1,1,1,0,0,0,0,0,4,0,2019,2019
Washington,0.4,0.4,1,1,0.5,1,1,0,0,0,0,0,0,0,0,2019,2019
Kentucky,0.4,0.6,3,1,0.75,1,1,1,1,0,0,0,1,26,5,2019,2019
Villanova,0.4,-0.1,1,1,0.5,1,1,0,0,0,0,0,0,0,0,2019,2019
Oklahoma,0.3,0.4,1,1,0.5,1,1,0,0,0,0,0,0,1,0,2019,2019
UCF,0.2,0.4,1,1,0.5,1,1,0,0,0,0,0,0,2,0,2019,2019
Florida,0.2,0.4,1,1,0.5,1,1,0,0,0,0,0,0,1,0,2019,2019
Duke,0.2,-0.3,3,1,0.75,1,1,1,1,0,0,0,1,33,8,2019,2019
Buffalo,0.1,-0.1,1,1,0.5,1,1,0,0,0,0,0,0,1,0,2019,2019
Virginia Tech,0.1,0.5,2,1,0.667,1,1,1,0,0,0,0,0,12,1,2019,2019
Fairleigh Dickinson,-0,-0,0,1,0,1,0,0,0,0,0,0,0,0,0,2019,2019
Wofford,-0,0.1,1,1,0.5,1,1,0,0,0,0,0,0,2,0,2019,2019
Gardner Webb,-0,-0,0,1,0,1,0,0,0,0,0,0,0,0,0,2019,2019
North Dakota St.,-0,-0,0,1,0,1,0,0,0,0,0,0,0,0,0,2019,2019
Iona,-0,-0,0,1,0,1,0,0,0,0,0,0,0,0,0,2019,2019
Bradley,-0,-0.1,0,1,0,1,0,0,0,0,0,0,0,0,0,2019,2019
Abilene Christian,-0.1,-0.1,0,1,0,1,0,0,0,0,0,0,0,0,0,2019,2019
Montana,-0.1,-0.1,0,1,0,1,0,0,0,0,0,0,0,0,0,2019,2019
Houston,-0.1,0.2,2,1,0.667,1,1,1,0,0,0,0,0,15,2,2019,2019
Northern Kentucky,-0.1,-0.2,0,1,0,1,0,0,0,0,0,0,0,0,0,2019,2019
Colgate,-0.1,-0.1,0,1,0,1,0,0,0,0,0,0,0,0,0,2019,2019
Old Dominion,-0.1,-0.2,0,1,0,1,0,0,0,0,0,0,0,0,0,2019,2019
Georgia St.,-0.1,-0.2,0,1,0,1,0,0,0,0,0,0,0,0,0,2019,2019
Maryland,-0.1,-0.1,1,1,0.5,1,1,0,0,0,0,0,0,3,0,2019,2019
Saint Louis,-0.1,-0.3,0,1,0,1,0,0,0,0,0,0,0,0,0,2019,2019
Northeastern,-0.2,-0.3,0,1,0,1,0,0,0,0,0,0,0,0,0,2019,2019
Yale,-0.3,-0.2,0,1,0,1,0,0,0,0,0,0,0,0,0,2019,2019
Tennessee,-0.3,-0.4,2,1,0.667,1,1,1,0,0,0,0,1,17,3,2019,2019
Vermont,-0.3,-0.3,0,1,0,1,0,0,0,0,0,0,0,0,0,2019,2019
New Mexico St.,-0.3,-0.5,0,1,0,1,0,0,0,0,0,0,0,0,0,2019,2019
Arizona St.,-0.4,-0.6,0,1,0,1,0,0,0,0,0,0,0,0,0,2019,2019
Seton Hall,-0.4,-0.6,0,1,0,1,0,0,0,0,0,0,0,0,0,2019,2019
Kansas,-0.4,-0.5,1,1,0.5,1,1,0,0,0,0,0,0,5,0,2019,2019
Gonzaga,-0.4,-0.3,3,1,0.75,1,1,1,1,0,0,0,1,42,17,2019,2019
Mississippi,-0.5,-0.7,0,1,0,1,0,0,0,0,0,0,0,0,0,2019,2019
Belmont,-0.5,-0.6,0,1,0,1,0,0,0,0,0,0,0,0,0,2019,2019
Michigan,-0.5,-0.4,2,1,0.667,1,1,1,0,0,0,0,1,21,7,2019,2019
Nevada,-0.5,-0.9,0,1,0,1,0,0,0,0,0,0,0,0,0,2019,2019
VCU,-0.6,-0.7,0,1,0,1,0,0,0,0,0,0,0,1,0,2019,2019
Syracuse,-0.7,-0.7,0,1,0,1,0,0,0,0,0,0,0,0,0,2019,2019
Utah St.,-0.7,-0.7,0,1,0,1,0,0,0,0,0,0,0,0,0,2019,2019
Saint Mary's,-0.8,-0.6,0,1,0,1,0,0,0,0,0,0,0,1,0,2019,2019
North Carolina,-0.8,-1.3,2,1,0.667,1,1,1,0,0,0,0,1,31,6,2019,2019
Cincinnati,-0.9,-0.9,0,1,0,1,0,0,0,0,0,0,0,2,0,2019,2019
Marquette,-0.9,-1.1,0,1,0,1,0,0,0,0,0,0,0,0,0,2019,2019
Louisville,-1,-0.9,0,1,0,1,0,0,0,0,0,0,0,3,0,2019,2019
Wisconsin,-1.1,-1.1,0,1,0,1,0,0,0,0,0,0,0,3,0,2019,2019
Iowa St.,-1.1,-1.1,0,1,0,1,0,0,0,0,0,0,0,4,0,2019,2019
Mississippi St.,-1.2,-1.1,0,1,0,1,0,0,0,0,0,0,0,3,0,2019,2019
Kansas St.,-1.4,-1.5,0,1,0,1,0,0,0,0,0,0,0,5,0,2019,2019
UCLA,3,3.4,4,1,0.8,1,1,1,1,1,0,0,0,5,0,2021,2021
Baylor,2.7,2.7,6,0,1,1,1,1,1,1,1,1,1,46,18,2021,2021
Oregon St.,2.4,2.5,3,1,0.75,1,1,1,1,0,0,0,0,1,0,2021,2021
Oral Roberts,1.9,1.9,2,1,0.667,1,1,1,0,0,0,0,0,0,0,2021,2021
Arkansas,1.6,1.2,3,1,0.75,1,1,1,1,0,0,0,0,6,0,2021,2021
Syracuse,1.3,1.4,2,1,0.667,1,1,1,0,0,0,0,0,1,0,2021,2021
Gonzaga,1.1,1.7,5,1,0.833,1,1,1,1,1,1,0,1,56,30,2021,2021
Houston,1.1,1.6,4,1,0.8,1,1,1,1,1,0,0,1,35,10,2021,2021
USC,1,1.9,3,1,0.75,1,1,1,1,0,0,0,0,12,3,2021,2021
Loyola Chicago,0.9,1.3,2,1,0.667,1,1,1,0,0,0,0,0,6,1,2021,2021
Creighton,0.8,0.9,2,1,0.667,1,1,1,0,0,0,0,0,3,0,2021,2021
Abilene Christian,0.8,0.8,1,1,0.5,1,1,0,0,0,0,0,0,0,0,2021,2021
North Texas,0.6,0.8,1,1,0.5,1,1,0,0,0,0,0,0,0,0,2021,2021
Ohio,0.6,0.8,1,1,0.5,1,1,0,0,0,0,0,0,0,0,2021,2021
Michigan,0.5,-0.3,3,1,0.75,1,1,1,1,0,0,0,1,27,6,2021,2021
Oregon,0.4,1.1,2,1,0.667,1,1,1,0,0,0,0,0,4,0,2021,2021
Villanova,0.4,0.9,2,1,0.667,1,1,1,0,0,0,0,0,8,1,2021,2021
Oklahoma,0.4,0.3,1,1,0.5,1,1,0,0,0,0,0,0,1,0,2021,2021
Maryland,0.3,0.4,1,1,0.5,1,1,0,0,0,0,0,0,2,0,2021,2021
Rutgers,0.3,0.4,1,1,0.5,1,1,0,0,0,0,0,0,1,0,2021,2021
Florida St.,0.3,0.5,2,1,0.667,1,1,1,0,0,0,0,0,11,1,2021,2021
Florida,0.1,0.1,1,1,0.5,1,1,0,0,0,0,0,0,2,0,2021,2021
LSU,0.1,0.3,1,1,0.5,1,1,0,0,0,0,0,0,3,0,2021,2021
VCU,0,-0.6,0,1,0,1,0,0,0,0,0,0,0,0,0,2021,2021
Norfolk St.,-0,-0,0,1,0,1,0,0,0,0,0,0,0,0,0,2021,2021
Wisconsin,-0,0.4,1,1,0.5,1,1,0,0,0,0,0,0,6,1,2021,2021
Alabama,-0,-0.4,2,1,0.667,1,1,1,0,0,0,0,1,16,2,2021,2021
Hartford,-0,-0,0,1,0,1,0,0,0,0,0,0,0,0,0,2021,2021
Texas Southern,-0,-0,0,1,0,1,0,0,0,0,0,0,0,0,0,2021,2021
Cleveland St.,-0,-0.1,0,1,0,1,0,0,0,0,0,0,0,0,0,2021,2021
Drexel,-0.1,-0,0,1,0,1,0,0,0,0,0,0,0,0,0,2021,2021
Iona,-0.1,-0.1,0,1,0,1,0,0,0,0,0,0,0,0,0,2021,2021
UNC Greensboro,-0.1,-0.3,0,1,0,1,0,0,0,0,0,0,0,0,0,2021,2021
Morehead St.,-0.2,-0.2,0,1,0,1,0,0,0,0,0,0,0,0,0,2021,2021
Grand Canyon,-0.2,-0.1,0,1,0,1,0,0,0,0,0,0,0,0,0,2021,2021
Kansas,-0.2,-0.8,1,1,0.5,1,1,0,0,0,0,0,0,2,0,2021,2021
Drake,-0.2,-0.6,0,1,0,1,0,0,0,0,0,0,0,0,0,2021,2021
Oklahoma St.,-0.2,-0.5,1,1,0.5,1,1,0,0,0,0,0,0,3,0,2021,2021
Winthrop,-0.3,-0.5,0,1,0,1,0,0,0,0,0,0,0,0,0,2021,2021
Eastern Washington,-0.3,-0.2,0,1,0,1,0,0,0,0,0,0,0,0,0,2021,2021
Liberty,-0.4,-0.3,0,1,0,1,0,0,0,0,0,0,0,0,0,2021,2021
Texas Tech,-0.4,-0.1,1,1,0.5,1,1,0,0,0,0,0,0,7,1,2021,2021
Colgate,-0.4,-0.2,0,1,0,1,0,0,0,0,0,0,0,0,0,2021,2021
Georgetown,-0.4,-0.5,0,1,0,1,0,0,0,0,0,0,0,0,0,2021,2021
UC Santa Barbara,-0.4,-0.5,0,1,0,1,0,0,0,0,0,0,0,0,0,2021,2021
North Carolina,-0.5,-0.7,0,1,0,1,0,0,0,0,0,0,0,1,0,2021,2021
Colorado,-0.5,-0.1,1,1,0.5,1,1,0,0,0,0,0,0,11,1,2021,2021
West Virginia,-0.6,-0.8,1,1,0.5,1,1,0,0,0,0,0,0,7,0,2021,2021
Missouri,-0.6,-0.6,0,1,0,1,0,0,0,0,0,0,0,0,0,2021,2021
Utah St.,-0.6,-0.6,0,1,0,1,0,0,0,0,0,0,0,1,0,2021,2021
Georgia Tech,-0.6,-0.6,0,1,0,1,0,0,0,0,0,0,0,2,0,2021,2021
St. Bonaventure,-0.6,-0.6,0,1,0,1,0,0,0,0,0,0,0,1,0,2021,2021
Clemson,-0.7,-0.9,0,1,0,1,0,0,0,0,0,0,0,1,0,2021,2021
Virginia Tech,-0.7,-0.6,0,1,0,1,0,0,0,0,0,0,0,1,0,2021,2021
BYU,-0.9,-1.1,0,1,0,1,0,0,0,0,0,0,0,4,0,2021,2021
Iowa,-1.1,-1.4,1,1,0.5,1,1,0,0,0,0,0,1,13,3,2021,2021
Connecticut,-1.1,-0.9,0,1,0,1,0,0,0,0,0,0,0,6,0,2021,2021
San Diego St.,-1.2,-1.1,0,1,0,1,0,0,0,0,0,0,0,5,0,2021,2021
Tennessee,-1.2,-1.1,0,1,0,1,0,0,0,0,0,0,0,5,0,2021,2021
Purdue,-1.2,-1.5,0,1,0,1,0,0,0,0,0,0,0,4,0,2021,2021
Virginia,-1.3,-1.5,0,1,0,1,0,0,0,0,0,0,0,4,0,2021,2021
Texas,-1.5,-1.8,0,1,0,1,0,0,0,0,0,0,0,7,0,2021,2021
Illinois,-1.5,-2.3,1,1,0.5,1,1,0,0,0,0,0,1,27,6,2021,2021
Ohio St.,-2.1,-2.4,0,1,0,1,0,0,0,0,0,0,1,14,2,2021,2021
North Carolina,3.8,4.3,5,1,0.833,1,1,1,1,1,1,0,0,6,0,2022,2022
Kansas,2.9,2.7,6,0,1,1,1,1,1,1,1,1,1,41,14,2022,2022
Saint Peter's,2.8,2.9,3,1,0.75,1,1,1,1,0,0,0,0,0,0,2022,2022
Miami FL,2.1,2.4,3,1,0.75,1,1,1,1,0,0,0,0,3,0,2022,2022
Villanova,1.8,1.6,4,1,0.8,1,1,1,1,1,0,0,1,16,3,2022,2022
Arkansas,1.8,1.5,3,1,0.75,1,1,1,1,0,0,0,0,4,0,2022,2022
Duke,1.5,1.6,4,1,0.8,1,1,1,1,1,0,0,1,19,5,2022,2022
Iowa St.,1.3,1.4,2,1,0.667,1,1,1,0,0,0,0,0,2,0,2022,2022
Michigan,1.1,1.4,2,1,0.667,1,1,1,0,0,0,0,0,2,0,2022,2022
Providence,1,0.5,2,1,0.667,1,1,1,0,0,0,0,0,3,0,2022,2022
Richmond,0.8,0.5,1,1,0.5,1,1,0,0,0,0,0,0,0,0,2022,2022
Notre Dame,0.6,0.4,1,1,0.5,1,1,0,0,0,0,0,0,0,0,2022,2022
New Mexico St.,0.6,0.5,1,1,0.5,1,1,0,0,0,0,0,0,0,0,2022,2022
Creighton,0.5,0.4,1,1,0.5,1,1,0,0,0,0,0,0,1,0,2022,2022
Houston,0.4,1.9,3,1,0.75,1,1,1,1,0,0,0,0,29,10,2022,2022
Murray St.,0.4,0.1,1,1,0.5,1,1,0,0,0,0,0,0,1,0,2022,2022
Michigan St.,0.3,0.1,1,1,0.5,1,1,0,0,0,0,0,0,1,0,2022,2022
Ohio St.,0.2,0.1,1,1,0.5,1,1,0,0,0,0,0,0,2,0,2022,2022
Purdue,0.1,0.2,2,1,0.667,1,1,1,0,0,0,0,0,13,2,2022,2022
TCU,0,0.4,1,1,0.5,1,1,0,0,0,0,0,0,2,0,2022,2022
Memphis,0,0.4,1,1,0.5,1,1,0,0,0,0,0,0,4,0,2022,2022
UCLA,0,0.5,2,1,0.667,1,1,1,0,0,0,0,0,15,2,2022,2022
Texas Southern,-0,-0,0,1,0,1,0,0,0,0,0,0,0,0,0,2022,2022
Wright St.,-0,-0,0,1,0,1,0,0,0,0,0,0,0,0,0,2022,2022
Texas,-0,-0.1,1,1,0.5,1,1,0,0,0,0,0,0,6,0,2022,2022
Norfolk St.,-0,-0,0,1,0,1,0,0,0,0,0,0,0,0,0,2022,2022
Cal St. Fullerton,-0.1,-0.1,0,1,0,1,0,0,0,0,0,0,0,0,0,2022,2022
Georgia St.,-0.1,-0,0,1,0,1,0,0,0,0,0,0,0,0,0,2022,2022
Montana St.,-0.1,-0.2,0,1,0,1,0,0,0,0,0,0,0,0,0,2022,2022
Longwood,-0.1,-0.2,0,1,0,1,0,0,0,0,0,0,0,0,0,2022,2022
Yale,-0.1,-0.2,0,1,0,1,0,0,0,0,0,0,0,0,0,2022,2022
Delaware,-0.1,-0.1,0,1,0,1,0,0,0,0,0,0,0,0,0,2022,2022
Saint Mary's,-0.1,-0.1,1,1,0.5,1,1,0,0,0,0,0,0,5,0,2022,2022
Akron,-0.1,-0.3,0,1,0,1,0,0,0,0,0,0,0,0,0,2022,2022
Jacksonville St.,-0.1,-0.1,0,1,0,1,0,0,0,0,0,0,0,0,0,2022,2022
Illinois,-0.1,-0.5,1,1,0.5,1,1,0,0,0,0,0,0,4,0,2022,2022
UAB,-0.2,-0.5,0,1,0,1,0,0,0,0,0,0,0,0,0,2022,2022
Arizona,-0.2,-1.3,2,1,0.667,1,1,1,0,0,0,0,1,16,3,2022,2022
Colgate,-0.3,-0.2,0,1,0,1,0,0,0,0,0,0,0,0,0,2022,2022
Marquette,-0.3,-0.6,0,1,0,1,0,0,0,0,0,0,0,0,0,2022,2022
Chattanooga,-0.3,-0.3,0,1,0,1,0,0,0,0,0,0,0,0,0,2022,2022
Wisconsin,-0.4,-0.8,1,1,0.5,1,1,0,0,0,0,0,0,4,0,2022,2022
Indiana,-0.4,-0.5,0,1,0,1,0,0,0,0,0,0,0,1,0,2022,2022
South Dakota St.,-0.4,-0.3,0,1,0,1,0,0,0,0,0,0,0,0,0,2022,2022
Boise St.,-0.5,-0.7,0,1,0,1,0,0,0,0,0,0,0,0,0,2022,2022
Seton Hall,-0.5,-0.7,0,1,0,1,0,0,0,0,0,0,0,0,0,2022,2022
Vermont,-0.5,-0.3,0,1,0,1,0,0,0,0,0,0,0,0,0,2022,2022
Colorado St.,-0.5,-1.1,0,1,0,1,0,0,0,0,0,0,0,0,0,2022,2022
Texas Tech,-0.6,0.2,2,1,0.667,1,1,1,0,0,0,0,0,23,7,2022,2022
USC,-0.6,-0.9,0,1,0,1,0,0,0,0,0,0,0,1,0,2022,2022
Davidson,-0.6,-0.6,0,1,0,1,0,0,0,0,0,0,0,0,0,2022,2022
Loyola Chicago,-0.7,-0.6,0,1,0,1,0,0,0,0,0,0,0,1,0,2022,2022
Alabama,-0.8,-1.1,0,1,0,1,0,0,0,0,0,0,0,1,0,2022,2022
San Diego St.,-0.8,-0.7,0,1,0,1,0,0,0,0,0,0,0,2,0,2022,2022
Virginia Tech,-0.8,-0.6,0,1,0,1,0,0,0,0,0,0,0,4,0,2022,2022
San Francisco,-1,-0.6,0,1,0,1,0,0,0,0,0,0,0,3,0,2022,2022
Gonzaga,-1.2,-1.3,2,1,0.667,1,1,1,0,0,0,0,1,39,17,2022,2022
Connecticut,-1.2,-1.1,0,1,0,1,0,0,0,0,0,0,0,2,0,2022,2022
LSU,-1.2,-1.1,0,1,0,1,0,0,0,0,0,0,0,5,0,2022,2022
Auburn,-1.3,-1.4,1,1,0.5,1,1,0,0,0,0,0,1,19,3,2022,2022
Tennessee,-1.4,-0.8,1,1,0.5,1,1,0,0,0,0,0,0,22,6,2022,2022
Baylor,-1.5,-2.3,1,1,0.5,1,1,0,0,0,0,0,1,26,7,2022,2022
Iowa,-2,-1.1,0,1,0,1,0,0,0,0,0,0,0,15,3,2022,2022
Kentucky,-2,-2.4,0,1,0,1,0,0,0,0,0,0,1,16,3,2022,2022
